id,modularity_class
Nathan_Villa_,52
oscarrob711,48
Rotarvation,48
Edcooney,48
KhesJayy,0
Jonas_g16,410
drewhamm5,312
gijonrojo19,103
AllThingsMN,48
AndsonShakir,140
Alesta_Tiramola,429
Tucker_Lives,48
ramiroledesma78,52
WhatAboutBob86,4
rmarine10,312
bmf_yungsavage,410
bakescity19,75
manullorca,19
White9910,48
mselv19,312
Emiliosarmient2,8
MariotaSZN,410
DLasenbergs,429
PWellz,48
brock2712,48
drope_jp,25
dkb0699,52
DezDatDude,227
Anasimon_13,103
zakyfirdausi,48
MPanago,410
storts8355,312
peugeot406c,53
Lesley_Ann_Hill,52
DesireeAngelaXO,52
black_bandito,52
galahad_8,17
jonathan_0607,48
erisonbrayon17,48
harrajsandhu8,56
15Chunt,312
Mista_MarcusC,237
Faized23,14
samaras_chris,291
lehmanlaw,196
muzende,52
oppsylooppsytoo,52
FitzArthy,118
bcabrera3,48
Bryan_Santiago1,48
SmittyWoot1,53
JodyRidpath,48
_maemae15,87
_jericbabasa,118
_bonbon9,48
Thatjordanw4,410
umair_rafique3,48
pablodiazpol,17
CaqtinSeeds,312
Newth,312
IRepTWC,53
IAmNF9,18
MattPennock5,312
menezamorajoven,19
Jaykast,410
ballsc30,429
miguelandres_91,103
J_R_Reo,48
RoberttRatliff,410
itsmelhiez,52
manospl,291
donjerome80,25
vikasverma512,248
kevin_durning,312
rarebreed69,52
Shumpman__,196
Choklatp,48
Garrett_Garcia2,48
afranc1349,14
L23BRON,74
aritz_rizo,436
jackervien19,48
MikeDynon,48
giancaova5,344
Rynowong50,264
JuanDoePardue17,48
revg2000,334
michela_hall,312
BankRollQuickk_,0
SmallySmalls5,49
afkbee,118
a_kyle3,48
nathanielbutts7,32
Swaggy_James12,48
_SOLO_JL_,52
liz_deerose,53
alex_roloff,410
irrgang33,18
antoonio97,103
gsmith2381,52
Traumasports23,103
uraShopAholic,52
adamhiller2,56
Holton4Real,429
HUMBLEBEA2T,48
jilliankushner,48
Griff_Rob,48
AConesaG96,103
EffJoshie,196
CMO_29,48
tylur_,48
BenBrewster10,48
LaritaGmez,103
BeautifuldanieB,410
LHKjeiLVCc50GaT,316
TSULLY617,48
ImmatureFreakX,52
_meghanfox,312
AnnaGreye,87
aharder13,429
ROD727,53
DopeShii_,237
TankPradeep,248
DP_1776,312
HTownViews,0
pappy_ligi,52
MeetAna_,48
cworley4900116,48
agustiinntomas,260
Adam_Herring,48
EthanHa10716729,48
_Earlholloway15,410
SIRdairis,429
Luke_Nichols11,312
hanspregnon,52
mithodman,56
darechentocrew,48
mitaxibarcelona,17
LtzgoAs,52
ulexx1,56
lingokid,429
Blanndino,410
nwcastellarin,48
jd98ag,118
Kelby2735,48
_kaity_mae,227
LuchooAAAJ,8
AaronSwagg07,52
Gotta_Survive12,48
EthanAdkins22,49
MalcolmRobertso,312
Jmorris1815,237
Jrod629,48
merrickConverse,48
YellFTS,52
RaiderBen,53
realweebzzz,53
Mr_L_Barrett,56
Samer_Ramer,75
NegeibUsmani,48
muhriyel_,87
CrazyGirl_85,52
_Ciroc2Cold,4
adie_lingad,52
dannyshiss,312
Yongko34,429
Splujo,48
abdul_talat,48
JonahG33,48
Aqsa_sidhu,48
PToneee,52
ZaxosDoganos,291
reallyjoco,52
nmata09,48
SJLee2000n,48
Austin_Nowinski,52
EliRoseRVA,14
edilsonlima8,248
bizz8181,48
Jtrent804,87
mconnors_4,48
Robbins3542,53
aleexxiss_xoxo,18
chrishutch707,52
Tyler_Strenke,410
wolfheemy,410
JackPotJizz,56
JaredKramer1,52
moriahvernon,14
Dame_Diesel,52
DavisHabilaj,312
Tha_Canon,53
ShaikhShayzad,248
cj_2116,52
MJaayKnows,52
CavsBoyTyler,74
LakeshoreLynx1,137
GaryHorvath,312
goldenboy_0515,312
Afm_da_realest,48
TylerBearse,48
JoeyJaeger,53
pwindatt2,52
ImaManIm50,48
p_stevenson55,140
Joey_Heisman,0
e_chaya98,48
zhiggins23,53
rosaa09,52
TheeRobbieMac,74
socialmattr,75
RalphManalo18,87
marisita40,103
kailey_bing,74
costinsean1,48
JuanCruzAlmaras,344
CammageRoyale,14
markymark_0350,48
DrewCole_CR7,87
Cowbear_,312
theWitChicago,53
Rduffles,74
frankromerodu,48
NikolasLithos,410
the_wikler,32
JukingJesus,87
AlanGh_02,14
quianaholtposey,241
GeorgeGuoxy,303
sar_bear127,410
A_Q212,48
nhlfl20,14
JenLiebl,410
issammaamria,17
lifeofchriist,53
harshner,410
Wilmarbury,52
ITalkSixers,196
JulianUsanaaa,53
calatrava_javi,103
nellwex,48
EvelynH00597647,410
parkertjones222,48
realjeffsuttie,429
itu_edu,103
ArnaldoLv,112
mikle_webber,303
zulfi_sheikh,48
Saariittaa14,103
fxfabianng,18
Lori_1116,52
dacold5,48
mattyice2ish,410
Sanford9B,48
JaredPeters33,312
MoanBryan,53
esweeney88,312
AndrewEshak11,48
Matthew_Schulz_,48
BigBuda13,53
WS_FNBA,48
Davis416Brad,87
bourneintolight,48
pako_arroyo,103
QuizzyBlood,87
__jessicaRO,14
aektzougiapanta,291
damien_delduca,312
ViCtOrSnts,436
tyler_junggg,52
Tweets_By_Zo,312
EHuynh6,14
jgc_603,48
D_Nino3,53
mollamar,18
psal3427,48
Sandis_B_,429
BreezyDogg,53
DrStrulson,312
ErikFlor,103
NOLIMITPICASSO,48
mathias_fl,52
LivingFishbone,48
GuidoCuelli,260
DmoCobb,118
FutchZack,48
konzen13,87
Jane13925,52
ILostRyan,303
magicajuveale,334
jackiesnz_,118
carcampCT,309
SergiBeltran10,103
jbdavis_era,18
DiegoPedraja93,103
xerox_coppe,53
TheGreatKedesh,410
cuatropicas,103
5finao,48
_Y2smoove,48
mk_1510,25
trizz_23,312
dwill_15_816,87
irv_roland,48
BradenTeasley3,52
rikidudes,118
kevin_khlok,48
tokyodrift321,237
GhostBrezzy,429
Larregel_,237
JRFRM616,53
da_realest_mofo,410
LoveLiveAmado,112
manigo_charisse,87
IanMcq87,53
florendomike,118
lwwiley17,312
jor3053,53
___mvm,410
A__MIR_acle,312
jon_brown11,48
sean_perez_,48
AlexEsteban2201,103
JeffMCrhp33,48
RAZORZEDG3,74
KahlebKc7976,48
Talalfooty11,48
fryperson,312
arturtennis,103
everydaybradley,48
DeadLixm,52
PirateC3PO,410
NeelThomas12,14
pathleticsanluc,103
Kyle_Matthews25,48
abz_abz46205096,248
LandoGriffin300,103
Persikss,429
TheycallmeMaf,291
raya06_,211
Mateu20Chuecos,103
aj20041383,118
ClaytonGoss,52
Kevin_EM1,48
CantDribble,87
georgeiv22495,118
urrutiaxab,410
mindewi,25
foneillz,48
Kacedamenace,53
manugarci2008,53
zaramare,52
SkieNique,52
7stRocky,52
dylanxduarte,48
Ejarner_,196
OJRodriguez29,112
balajichavanpat,248
aberobin_3,429
sin_luk,48
Portista17,248
vlyczywek,137
hugopurple,103
erik_medina318,53
Joe__Henderson,279
Salas_Monico,48
Girlthatsglokay,429
RCohen44,312
ZachUsselman,74
DoMo_BaNKZ,53
chunks4boys,52
IknowLickface,308
bigmommasson,410
phoeniixEs,429
greglyons87,140
willbrodt,312
raptorsfan416_,429
JaviiFrutos,103
hrparrishh,429
ju0hmaru,52
Daniel61561,48
DeGuzmanEduardo,103
trevorgreeno,53
Awesome4845,52
philphillium,312
Kake_Chicago,53
taryn_lee12,53
YDuncan16,48
Fiitttzzzz,312
SbroccoTayler,429
oscarcondep,103
KLAYSNAGS,48
UberFactChicago,53
realpichael,0
HRO_Maghrib,118
JJMcCannst,429
TwoBboo,52
NardiaHuang,53
LupinekTyler134,53
LukeHenigan,312
Beipher,112
Pedrojimenez08,103
iamjohniamjohn,48
jorgebalbis_8,8
CalamityT37,48
SheedSoBroke,211
Drusolp,52
Kon1ec,103
djacob2005yaho1,410
angelojp2,48
ReviewsGalaxy,118
MrsRhame001,52
OostenG,52
fCVJSJzcWQZU32Y,291
__Kolby__,48
LychelleAmezola,112
otoreksis,429
K_Det6660,312
basedjoan,53
A_BRtist,241
nachitosoria,103
kenzie_Ramsey71,52
bigbman24,309
HotHonduran,74
dachoseone34,48
brun0inho,53
Jasmine26649901,48
CoopStoleYoGurl,48
rafacabau,103
Snogu007,48
Toates_Mcgoates,48
ZacharyOruruo,211
RVeltri13,48
netsdirect,48
GRustenberg,4
krider_jake,429
happychilddave,312
vivek59407414,248
struzz15,48
PAPERCHASER_314,53
joellastname,410
CelesteAbdel,87
dpritch55,48
virginiaholman_,312
AGonzo1221,303
goofballjamal,53
iyaayas1991,52
Dough_boy88,87
lucaninho8,410
surentm17,227
danimsalgado,103
Xaviestro,52
evan_hillman1,264
shanekells_,48
pannu_arman,14
Real_Rob11,52
sharif_thunder,25
Sin_Mecanismo,48
juanmerrito,103
AlanSonntag,312
JosephGasbarro,48
JoaquinLopezzz,344
alcnkrgz,429
namdaris91,429
DillonRahall,48
kiingmaya,52
hardknocklife14,53
IG_12_,53
antoniopc2000,279
aye_thats_rell,53
VicFromTX,429
NBATalk23_,429
jcas113,211
Joe_Jabroni,48
F_Molina98,103
HLeccter,103
rmaguilar28,118
c2bgolf,237
XENTE_7,103
Triton_Devil,18
bielizcue,308
maddataq,52
Irvine301,74
bearsdt77,118
camkelly2344,48
chasemickey,410
OBreezyyyyyyyyy,48
nancypants_od,52
FerPlou13,48
raul_agulla,344
stevenn_pvs,52
Sicilian_Magic,48
huntthegoat,118
CarlyyRaee,312
Joremy14,48
midiego81,308
dontdodaat,53
AhmedTidiane10,48
kristel_rica,52
Chrisjg19,118
ChiTown_Eazy,53
Evan_Jenkins5,48
Seahawks24NFL,53
BobbyFarris24,52
mrsoybot,312
Dat_Boi_Mall,48
RubenReyes90,103
voltron559,53
PacosevillaSFC,103
gabebacine,312
nbalove_cp3kb24,410
BigDreams_9,48
samueljurado7,308
vinceoftexas,429
T_Baller32,48
CollinKing5,32
aimeebakerr_,52
exprimadonna83,52
dakota_bell23,53
javivg77,103
Rocketfan2503,0
Brendon_N97,48
John_Davis49,53
shaunlatshaw07,312
Kike_SVQ,103
DoonTheJr,48
ShaneOBar,48
milleralex930,118
ATH1898ATH,103
MandyPham97,52
timbuk_2,56
followmethog,53
FelipeE12302,52
nikoregala,48
shughes608,48
krdale2881,196
therealEricB5,48
Randiculous,48
d_fraz33,48
big_nose_goat,211
avarkiot,410
jau_ugar,103
PaulaNovello,8
JMFTrepanier,48
Ginnessa,52
heat_nat,429
m_shi,52
micheyhall,312
Baby_kd01,48
GreeksteeK,436
UnaiYelow46,17
aquagaming101yt,48
zdev_,87
KelvinnTheGreat,53
raspravia,103
AyeZee24,48
nereu123,241
gastondg_7,344
zurigonza,103
XavierCooper512,14
TayRhodes98,410
caleb_cramer,48
talking2laurie,48
GOLDENBLACK_M2,53
felixgomez1996,103
eshaa_munder,52
StephenWagner87,312
YoungBasedWilt,48
yungxmilo,52
jbrownexiv_john,53
skrefetz,312
AKroot_3,429
210_Ice,334
alexaclark9,48
wavesonswim92,52
ohitszobeida,52
Hudson51Hornet,410
sushi1122001,237
eggman_21,48
120_hikaru,53
JADE_981,53
32_BigE,52
nick_crawford12,48
kromemac91,410
Kellie_McCarthy,312
Alastika,48
5787cdt,118
shxxdy_,237
its_borna,52
ertzsogood,312
AlmightyRegBall,53
TORobMcD,48
FanFanleonard,409
bfor_leonard,409
skepta995,409
sakle17,409
kleonard95,409
kawhileonard96,409
kleonard69,409
kleonard1995,409
simesime95,409
basketlover19,409
leoleoleo2017,409
leonba2017,409
kspacey17,409
rioferdy71,409
DeeReebs,74
luisnani1995,409
dikapalooza,410
bgriff123,52
axia_lisac,303
daveyesyesyes20,53
ZTyler11,48
jonwolf,74
nvenetanis,291
YMTaye_41,87
GetThatBagTee,48
ScottHoNguyen,48
ThatDudeMurph,48
r0b3rtit0_mlg,103
MatthewSigur,48
PeterBuggle,87
victoravbsp,196
agrant140,48
mattmurawsky,14
beenaboutaleesa,74
fish_overstreet,48
pvp_jose,316
djcyp10,118
BriannaRogers31,48
LulSims,52
patreas50,291
nonelikebailey,87
kvnglb,53
superrdad,53
reyesjansen,14
opapisofrito,87
James_SongMin,14
Chris_Steele3,237
NateOfAmerican,48
Lara_Pascual,103
fespinosa10,103
Clay_bet,103
jlr0819,48
_isabellagreen_,52
ownbey13,48
xMiTcHoLLx,75
sebagarcia16,17
bgorsk41,312
KarethRahl,103
claudiabowman20,312
Nacho_PG7,52
NoahGibson20,237
joiofluv,52
baezaxfj,52
Suhaib_FCIM,53
GABE_AK,48
JuandaCivic,48
BucklesPatrick,52
haidawarrior13,429
LigginSunita,52
clamburgundy,429
gavinhetzner13,48
JavierM21861580,211
tyfaneeomg,118
Evanp76,48
JennFranzia,74
Instinct_7e,48
BrianBlackhawks,53
alxsgil,140
SMalloy_LWOS,4
EvanMcGlade,312
Kyeobi,52
Sixers12345,87
AnmarnmoAnmar,241
jra1227,25
Puds120,53
kei10bears,52
Chrisjr_13,52
x_Thats_SHAY,211
aweir020,48
mikeblount27,53
larry_midkiff,429
B_Ko24,410
TylerWombles,140
sturnerproducts,429
benmalum,53
Ivanfdez_9,17
ricardorene73,18
aronbulnes,53
enriquev58,103
PalmorEra_23,87
tglyngkpgn,52
Giovaldespino,118
MaruMercev,344
berst06,260
s3xtacie,248
thrutheheavens,53
ShanMolu,237
beradfess,410
Phillyphan1994,196
BrothaStills,279
cpilc20,17
walter03_,279
jeremy_calce,48
sametersoyyy,279
ewcorpuz,279
Yusobrazy,279
Milan_2kGOAT,87
WelliverKorey,279
AlmightyMikeyyy,279
AirSkittleZ,279
23kwamane,53
DColeSports,279
faze_hunterX,279
BarbYeary,279
EvanReid940,279
Momo_Mizrahi,248
Danmartini26,312
Mr_eight7,52
jamiejohnson300,312
lindykc,334
diogo_nasci,248
gumesito_oscar,103
ronbuena,52
ValBr49,410
sammiclarkk,279
TheJoshTodd,118
trevbwake,279
liajilopezhotma,52
coleuseswords,279
SirWaweyn,14
15bullum,74
ckiteul,0
ibaa_deer,279
mhgdezz,279
So_MJackson,74
jmonson_,279
DayenDesUSA,279
Jo_Reyes95,279
nciaramitaro19,48
percyLAflare,53
NickVanBox,279
inasgarci,48
Devz_HD,279
MCSUDABUDA,312
MichaelChiangEn,53
EeyoreElizabeth,279
jhoscar84,103
Elizab3th706,279
GerDiggla,52
713HouGirl,118
jrmayette,48
JusFit3,48
Zach__Harris,87
pepster18,75
PaoloGeorge13,279
joonescastro,279
pedro_alias,103
_Wright18,279
gabbbyramirez9,227
83100_,32
PokemonGomiarma,103
natalieeblake,14
JESSEARROYO42,18
12345shub,248
starFacts101,52
LordXarRahl,334
EaEderjunior,52
Ricar2011a,75
TroiaPt,279
alyzamasca,87
SavoirFaire_22,279
samuellhm21,429
nidhi1647,248
bucketqnation,48
ImNuclear,279
swomgennesis,48
King_Willo,410
TheGoldenGeesh,49
TReppenhagen,279
GundyChild,279
DeWay_antLIVE,48
ivanjuaan,53
yancyjasareno,87
SamplesLuck,48
Josh_4519,279
LouieRancapero,279
keiko63309675,53
MattyIceMC,312
aaxe_,279
a_hess12,279
tomaszek1709,429
x_garxia_x,303
MichaelChen13,14
itskatiefam,279
HannibalSmith_1,436
Minitree22_,279
X_88_Faktor,52
austinakayoshi,279
guille_garcia98,103
LeakSaddam,279
domenicogatto,279
awdeuce,53
TooLegendary,48
BudHale10,48
SupremeXellence,303
hector_warrior6,52
AlexXSweatshirt,279
chemitalmyth,279
FedeAmadoo,8
natkingstrohl,237
LoganAbbott9,48
lentila_0143,53
Tsev2412,53
JMEstevezpk,103
ABBailey4,48
11111Alaina,74
Yung_Harper3,279
MarshallKemp,279
fernandogarican,19
yoboyminks,48
Chargers66Jacob,279
wakaflokajames,312
_dyasiaaaaa,279
necesitocharles,279
analusisilio,248
Cirlan2007,103
Jsanchez63,429
BeckIsaiah,279
00jesse_perez00,279
mattoram_10,14
joana205,52
Will_18_Daley,279
BlumenGabriel,53
von_owens,241
Gmaine_05,279
bsujustin,264
s_NBA1,53
oddfuckingreais,279
PattyFuncakes,279
SammyStizz,48
matt_ehrhardt,312
JONES__Brandon,279
syncroNICE,309
_scotty98_,74
MG34_,279
Delrue_Loic,279
AlyAlyNoSon,279
jbkildahl,410
mizpahpa,279
hechunliang,279
Diazhazel06,87
NotDoc666,248
guerra_oliva,279
jayfromtheday,118
jlifrak22,53
parker_allen85,52
Quize_York,48
dallasb21,309
Aid_Fraz11,410
Thunder__dad,279
JohnRech8,279
Jr713rdz,0
gusanito100,17
___Keezus,264
jonprudente,279
EBCawley,74
rawrfernandez,87
rockchalkolate,308
EST4LIFE37,279
allenkyle1992,118
Shirleyphilo11,52
PBK_Germs,279
Lil_IkeHarris,429
aivikinoceto,279
Airunh23,48
ATX331,308
lewis12233,75
breeeeeprice_,312
ElijahDemo,279
paul_wine,103
Zer0IsMyHero,279
ColeEarnest2,53
acorreablog,103
bassett6111,48
DeWolfe15,74
biggerAl78,48
chelseaa_colee,52
CLMN91,52
caitlintomtom,52
yodadelaspampas,260
TheRealDerrick_,48
Alexander_Perez,140
GaleosKarlos,48
Shane13_smith,48
SHMACKMATT,52
nelsonjh_,279
Miketerrizzi10,48
jesusignaciocv,103
nicksjamesbitch,303
PplCallMeEvan,279
leroyanthony31,264
Ramirez17Cr,279
ratraweez,75
davarisg,410
JoeWithTheFlow1,53
scottlow5,312
mycomphubUS,303
nutty_nap,118
layf1954,291
osielgarza73,410
Dav1d_25,74
Ragegamingis15,211
Moura_GL,279
justincostaa,137
CormacStewart,48
r_belden,48
LiamLsg,48
NaniOff,429
aigars22,410
ann_purple,48
StamatonMichael,48
demmi_gee,118
zacwilson1996,53
delbrander3,312
TomassDownes,260
TiWindisch,410
MarkGalvez321,52
Ziggy_56_,279
23Rockets34,118
Dres027,48
2kfan7,87
hunter_Blaine,279
Dacaticor,103
dianeCPhoto,52
sammyswoosh7,48
Mr_aamazingg,279
TheRealHoward,137
stepdaddyD,279
eazy_b1,264
iEat_theeBox,248
alfredollieric,48
stanwadesbury,75
MarcosTurrero,410
og_chima,279
SmthM,48
xZombified,334
samcramer87,53
TannerTheFiasco,279
dfasipe,279
kashiefbog,48
AdamMcGee11,410
Troy_Do,118
JordanKlinger,279
angser,410
JakeCaramanno,312
arvndpin2,248
Sportsnut2013,53
markeaton7ft4,349
6Villada,103
YoitsCortez,118
jsilva21,316
Justin_Arbaugh,279
mzfeatherstone,279
gaspjasmine,279
jeken_75,279
navabeast,279
Jholmes_78,312
xtremepedro01,334
tharityangwai,52
artemisgf1,291
hamza_13_bball,53
LMJMJB,48
ayeitswilltrue,48
GKalamitsis,291
KidFromNaptown9,410
5586Can,429
_fvckhype,53
andywasik,410
NathanBloechl,410
TweeterMcghee,410
BonnieJay74,48
rcimadevilla,279
cody585,48
Dubs_Repz,52
30rockscott,48
mariacrg16,19
klapper949,410
PiscinePi_Patel,48
EddieCy3,436
Davis_af,334
fraaankieeeee,429
Ajaaxx,52
J_McCarthy36,48
pant_deepak,48
DerekSKZ,316
Babydexter20,211
HurricaneHayden,48
cmkgriffin,279
juicyT1017,436
fabianbautist15,53
juanjosoto79,103
Isiah_james42,0
Tiger_Murray,279
BigBoss_Slim,4
_AZTEC10,279
KenBrow74609237,53
Shewah__,18
PhillySportsSrc,312
connor_hicksss,279
Renegade528,429
brown_neshawn,74
tyleshaw15,279
Buoy3323,48
AmazinnMan_Bugg,52
bmizzle14,48
Jesuestuamigo,410
Spazzz__,429
Nick_V35,48
AwadallahAhmad,53
baller6757,87
ksmart1207,279
AutovistaRaju,248
aldoherty7,48
amurph164,410
jodyeflackoiii,48
russrooney0812,279
6ConleyM11,53
Pykulyn,103
insight_chron,0
shelby_kinsler,248
Aaron__Segura,303
okbill777,279
primetimewhite,53
CamCharlton23,48
boa_vitor,410
PentlandMr,103
Sammy_Shortbus,53
Brymstone911,137
manugula_ritesh,429
neglitaisdievs,429
derekcox2,53
Rick__Escobar,303
imgeorgeaquino,52
adebasbasket33,308
jackm3249,53
Carson__1224,410
Mafran1601,309
504loaded,279
Hiren015,248
henryforman,48
Pogue_Mike,410
jrchoni,103
denniswcoleman,312
theluji,279
king_kelley93,211
onur_unnu,303
thegwarnal,279
FxckUTavon,53
Jaime_Yawe,308
SandraD6X,53
iPacersblog,410
ThaCarter_2,48
DGMN_CASH,87
Squadbrendo,53
sophokay,211
NoahOrmes,48
Pqndqz,279
daniel_bus54,279
RaidandWar2000,316
naanaa0813,52
NoTechBen,410
manucoto99,103
PhuiChi,52
chipburch19,48
BaylorLandry,18
Snkerheadd,410
JoanSceline,53
TheCuarterBack,17
Ozzy6000,279
StephenDometita,52
AMeehan23,312
Eljafh,279
mr_pennypacker,4
ryaneder40,53
_AlYbg,279
jjksteelnation,48
DaniBP97,279
Big_Tiny20,53
chief_leek,53
ManCityKD,429
oxlydiaxo,87
MarkStewartRTR,48
benjamin_mcleod,279
KathrynaMon,316
slickrickspoker,0
TheCorner3Alex,410
Zayy_Lewis,48
wilhenriqueS,410
RicoOmanio,118
flyctrobin,349
Trizzy_trell24,53
Aves23Avery,410
ForeignRon,279
Allenkip,279
hii_dog,48
trillpattyyy,48
daniel_silhavy,53
bweiss14,410
GeneyRosay,308
marlotscott,429
Flynnstoned11,48
lukesnyder25,312
texans432,87
sjprattlaw,279
DELFINOGIRL2,48
LeonardLee2211,52
drdawgDavis,410
TheOnlyZered,279
titosobrin,19
Melolarico,279
Dugan2Danny,48
mike_needles,53
NoHopsWhiteGuy,53
fabian_astur,103
NoahMalhi,48
Santiagocordero,344
KoachRW,48
Oandres96,53
Air_Masta,334
Meep306,48
mike_cacho2,48
jimmer490,312
KingBuff16,279
RCSer24,410
Krazyy__,48
DiegoActur19,279
RyanDz97,48
mindy_keigher,53
bphippssports,48
KevinDehan,48
saintpicasso,53
BlurDiamonds,429
_PS5,49
spencer_41400,87
Forever_AVB,52
hamoudie2,53
jimadair3,87
JABurgos,52
MikeDuarte7,52
ecruz340,48
carole_payne1,279
lee3x_,53
McParlandLiam,48
aliyalangley,52
mirelez69,52
JesseStill1,303
irfansyafiq15,279
RapsSzn,48
ForeverTrill405,279
TerretaPower,103
Mickey_034,279
PatJDanas,312
petrino_brian,260
fotismag1,436
st_basket,279
agatestana,429
sackofballz,52
mexican_kobe,53
Maarcusjohnson,410
UtaJazzFan4Life,309
god_zj,48
Freshprincepouy,53
_Joay32,237
leokluu,48
SamTrujillo14,279
CowctailMeuh,410
jacobwaters,87
criscr10,410
m_iaaaa,48
LinguaFran,344
icastanon7,279
poprocketsoda,0
AnthonyDuncan68,279
BigSnupey,48
manubeltramone,344
RyanPalm3,279
Christos_Fyt,291
calgirl65,52
_jamestaylor3,52
CoachMStump,279
seanllemoine,48
RoseMakell,279
N_cejuela,103
AuthorofMSSW,279
Joseluis_Cuevas,103
RuiyuanZhang,52
lDrzPrince,48
HoudayerThomas,410
B_Round_22,279
AllMoneyInMOB,279
angelochino,279
Tamriel42,312
scooterruss,349
karafurkan1907,429
marionlaguitao,87
KingMaxx__,49
T_TND14,53
migzpzrr,74
KingPedro7,48
soleilrucker,429
2CatsGardiner,48
dylanlee_5,312
AntoninOrgueil,52
thaabstrakt,279
JKipnes22,48
krnapes,410
maarriiia10,52
Michie_Curry30,436
kdoe94,48
nba_955,279
AndyM__17,53
Moebevilacqua,48
papiCHARDO,48
tansan22,48
Wilmer1747,48
mdeleon0084,75
rocky3243,279
issackendrick,52
navlitatl,48
tonymorris7,48
99_KJS,48
Yoh29650,48
RyanfromJersey,312
carson_milligan,48
lucascarlback,48
Nick14Lopez,48
dctrjei,436
CameronHall___,279
ya_dradra360,49
BrooklynNets,140
luis_julian_,279
SlushRinger,410
Alex__Kenny,418
daniimartinez_8,53
Panaflanman,349
lifeofempressk,410
tooljoint_,118
niila_a,48
ThatboiChannel,53
Tiago_Furtado53,48
ivogatti13,344
johanncapitan,279
Connell_3,308
santicarppp,344
Karolina_mkup,308
pannyb,429
ginambeam,418
carterhall123,14
Oteachjohn,349
PacersCoverage,418
Crossroad_MLB,418
ShawnWard31,418
YoniKrol35,279
TravisGray23,410
eraldrenz,140
youngbas_,48
Mitchell_Mooter,48
jthurgood1,418
Tuh_Juh,87
The_Wambologist,48
ekiriakosgr,291
caterijulia,227
jr10scp,52
Jorsone1,103
JON_DOOE,312
Harry_McCardell,312
iambretttttt,410
stevenroxberry,312
QuoteChrist,48
agdeluna18,118
albertcrespo3,48
TheRealATrez,410
DCRising99,429
dxxmon,53
CrochetCardigan,48
EmilyQuirion,48
MarvinLeBlanc,410
Jeremiah_Rowell,418
noahdbeard,48
55lego13,429
WAVY_SOULJA,52
augmeantit,48
iMalikHargrave,279
Fountown,279
utahjazzfan98,48
ChaseOsborne7,279
j1ll1an3,52
kittykat405,279
sotoorsomething,53
samatualei,316
Killingruben13,140
deniro_montana,53
jackp1023,410
jarrett3ngel,53
blessup50,53
starburstlewk,52
roricheyennel,52
MsSamanthaMay,48
ayeebari,279
FrogzSJ,308
amriaromzi,52
conspiracy___,48
ymcmb_sanchez,48
MisaJC,410
RockyD2k9,140
Freimiss,429
_cck32,211
crisnievas125,344
jessepa1,418
htb316,279
MzJay218,48
petiwap12,74
Michael10702274,48
judge99mvp,140
HamadiTBH,53
tenderbul,312
PabloCorralV,103
hannahrbaker050,279
KevinAdamsRx,312
_DeLaynaM,227
ArnaudYao1,279
ZharinaCamillex,112
melamoatz,74
majorrichie11,418
DyIanHughes,410
amymdrury,53
NoRagrets_,429
MeiaTheGreat,410
jay_nelson30,211
justin_oc_44,410
cokeefe12,312
bellum_10,17
jacksonstephon1,279
jdinio,52
GuiFranchetti,410
homer2680,308
Luke_Layden,140
Lizz315,52
aldanasuarezr,260
gabe615,312
BRIlieve_,312
MScavicchio,312
efra_gise_luisa,53
rpgboy_bruce,53
TheTrentGalvez,18
BrenndonW,237
trey_bilby,279
GrandBrad,140
Thelolojones,409
Xxxyz22,429
BOBTPHLY444,429
AjLegendary,52
JDWalls_123,334
Huckfinnatics,279
saITgeek,334
ItsAPieceOfJake,410
IkerRamadas34,17
martyx7,53
shake_nd_JAKE,312
Mr_Stann_,140
djl_137__,429
blessantillan,52
grizz_all_stars,429
aceedsall,279
tonielche90,103
_alexglanzer_,53
The6ixFan,14
Cambodian_chris,118
GeisJon,48
djleemillz,118
jenmcmillan1973,279
TNS_12K,227
matt_davis89,410
RBeetis,418
oma_raps,410
ashleeweaver55,429
BradjSimmons,48
valeriaserna24,410
ChesapeakeArena,279
Terryfication,429
antonjk10,410
alec__ryan,140
iiStretch44,418
LucioAllan,52
RyanSwagz,312
s_nappi06,140
nicowine1776,312
dmvp33,303
BuzzyMagic,48
BrandonNubine,279
TMoe_23,264
adamkranz47,48
Tippie_TAY,312
muskyred,410
bencorn17,53
LavdasTakis,429
cvanhorn55,53
PrinceRiyami,140
joshjulian1,48
Hypebeast_Macc,312
afifaimanmr,118
TobiJ239,237
mr_5ka,14
TREYmendous3,308
DaBonK,48
Jfan4wardWard,52
nick_furness,48
Robber3Wu,410
chido_as_fuck,118
BozaSebastian,52
bungwizzle,312
quinones_10,48
Bonis_JB,429
ericgebby,410
BossyNasty,279
FunnyKikster,118
shermanfam,52
2savagetaytay,429
ameliacaito,48
lima_kike02,279
jennyvha,279
DylPickIe,32
Nickmccann35,279
megaswagbear,118
douglas_cotton,118
Rajasuranagi,248
rbing38,74
jnoll69,74
Sensei_Stan,48
jashell_noah1,48
capt_cameron,52
roy0okc,279
JoshuaMitch5,48
Ploha,436
mjbolido,52
SleepyRah,48
Gerardo_Vera23,53
Juneprince30,52
Terlin66,410
kickgamekungfu,52
AlvaroRomero_8,19
csaplar34,48
McBiggins123,279
andymoreno30,52
kene__6,279
B_sawyer66,48
realResM,48
AshtonMcGovern,308
suzbriskin,74
DavisSamuel15,418
James_Drenner,53
Murazikobara,118
WZRDsteve,312
yames_loster,410
